,Tweets
0,13-inch MacBook Pro vs MacBook Air: Buy this or buyÂ that? https://t.co/f0obIBEHIm
1,å®¶ç”¨ã§imacå°å…¥ã—ã¦ã‚‚ã‚ã‚Šã‹ã‚‚ã­ï¼ŸğŸ¤”ğŸ¤”ã‚‚ã—macbookãŒã‚‚ã†ä½¿ãˆãªããªã£ã¦ãŸã‚‰macbook air(13ã‚¤ãƒ³ãƒã®ä¸Šä½ãƒ¢ãƒ‡ãƒ«)ã«æ›¿ãˆã‚‹ã®ã‚‚ã‚ã‚Šã‹ã‚‚ğŸ¤—ä»Šå¹´ç™ºå£²ã•ã‚ŒãŸã‚„ã¤ã¨ã‹macbook pro(13ã‚¤ãƒ³ãƒã®ä¸‹ä½ãƒ¢ãƒ‡ãƒ«)ã«åŒ¹æ•µã™â€¦ https://t.co/7w6Kj2Dv60
2,"ã“ã‚Œã‚’èª­ã‚€ã¨ä»¥é™ã‚‚MBP 13â€³ã«å¤–éƒ¨GPUæœŸå¾…ã§ããªã„æ„Ÿã˜ã™ã‚‹ãªã€‚ã€‚å°ã•ãªã‚‚ã®ã«ã“ãã‚®ãƒ¥ãƒƒã¨ãƒã‚¤ã‚¨ãƒ³ãƒ‰ãªã‚¹ãƒšãƒƒã‚¯è©°ã¾ã£ã¦ã‚‹ã®å¥½ããªäººå¤šã„ã¨æ€ã†ã‘ã©ãªãƒ¼ã€‚ã‚ã¨Airã®æ–¹ãŒGPUå„ªä½ï¼Ÿã¨ã„ã†ã®ã¯é€†ã§ã¯â€¦ï¼Ÿ
https://t.co/tCNxena5qj"
3,@jurijuripon Macbook Airã§ã„ã„ã‚“ã˜ã‚ƒãªã„
4,RT @janxntc: à¸Šà¹ˆà¸­à¸‡à¸™à¸µà¹‰à¸„à¸­à¸™à¹€à¸—à¹‰à¸™à¹€à¸£à¹‡à¸§à¸¡à¸²à¸ à¹à¸šà¸šà¸—à¸±à¸šà¹ƒà¸ˆ à¸®à¸·à¸­ ğŸ˜­ | [iMoD] à¹€à¸›à¸£à¸µà¸¢à¸šà¹€à¸—à¸µà¸¢à¸š MacBook Pro 13 à¸™à¸´à¹‰à¸§à¸›à¸µ 2020 à¸à¸±à¸š MacBook Air 2020 à¸­à¸±à¸›à¸‹à¸µ... https://t.câ€¦
5,ä»Šãƒãƒã£ã¦ã„ã‚‹ã‚²ãƒ¼ãƒ ã‚’ã‚„ã‚‹ã®ã«4å¹´åŠå‰ã®MacBook Airãã‚“ã§ã¯ãªã‹ãªã‹æŒ™å‹•ãŒå³ã—ãã¦æ‚²ã—ã„ã€‚ã»ã¼ãŠã‚‚ã¡ã‚ƒã¨ã—ã¦ã®ç”Ÿæ¶¯ã—ã‹é€ã‚‰ã›ã¦ã„ãªã„ã®ã«4å¹´åŠã§è²·ã„æ›¿ãˆã¯æ‚²ã—ã™ãã‚‹ã—ãªã
6,"RT @nn_endless: @SLNPHEATBECON à¸–à¹‰à¸²à¹€à¸›à¹‡à¸™ MacBook Air 2020 à¹à¸™à¸°à¸™à¸³ Core i5, SSD 256GB, Ram 8GB à¸à¹‡à¸à¸­à¸ˆà¸°à¸—à¸³à¸‡à¸²à¸™à¹„à¸”à¹‰à¹ƒà¸™à¹€à¸šà¸·à¹‰à¸­à¸‡à¸•à¹‰à¸™ à¸£à¸²à¸„à¸² 35,900 à¸ˆà¸šà¹„à¸¡à¹ˆà¸ˆà¸šà¸‚à¸¶à¹‰à¸™â€¦"
7,"RT @Story_Chef: à¹€à¸›à¸£à¸µà¸¢à¸šà¹€à¸—à¸µà¸¢à¸šà¸ªà¹€à¸›à¸à¸„à¸§à¸²à¸¡à¸•à¹ˆà¸²à¸‡à¸£à¸°à¸«à¸§à¹ˆà¸²à¸‡ MacBook Air 2020 à¹à¸¥à¸° MacBook Pro 13 à¸™à¸´à¹‰à¸§à¹ƒà¸«à¸¡à¹ˆ 2020

Cr. iMoD https://t.co/oMMCemSL9p"
8,"Mac Book Air Charger, AC 45W Magsafe 2 T-Tip Power Adapter Charger Replacement for MacBook Air 11/13 inch (MacBookâ€¦ https://t.co/Z6HRZupoke"
9,@hayamikun_ MacBook airã«ã™ã‚‹ã‹LogicProXä»˜ã‘ã¦Proè²·ã†ã‹è¿·ã£ã¦ã‚‹ğŸ¤®
10,"Premium High quality #LaptopSkins - #Doberman #Puppy #Art for your Macbook Air, Macbook Pro, Macbook Pro Retina, anâ€¦ https://t.co/Q2y9lyFFqE"
11,"RT @Zrtl1Z: ã€MacBook Air 13ã‚¤ãƒ³ãƒã€‘

Macã‚’æŠ½é¸ã§ãƒ—ãƒ¬ã‚¼ãƒ³ãƒˆâœ¨
ãªã‚“ã¨ã‹ãƒ—ãƒ¬ã‚¼ãƒ³ãƒˆç”¨ã‚’ç¢ºä¿ã§ãã¾ã—ãŸã€‚

â—å¿œå‹Ÿæ–¹æ³•
ãƒ•ã‚©ãƒ­ãƒ¼&amp;ãƒªãƒ„ã‚¤ãƒ¼ãƒˆã®ã¿

â—æŠ½é¸çµæœ
å½“é¸è€…ã«DMè‡´ã—ã¾ã™ã€‚ https://t.co/QHBITKok6h"
12,"Surfaceã£ã¦ã‚‚ã¯ã‚„Macbook Airã®ãƒ©ã‚¤ãƒãƒ«ã§ã¯ãªã„èª¬
æœ€æ—©ã‚¸ãƒ£ãƒ³ãƒ«çš„ã«å…¨éƒ¨2 in 1ã˜ã‚ƒã‚“"
13,"MacBook Air Retina 13â€³ i5 1,6Ghz SSD 128Go 8Go - https://t.co/IUMuiePKND"
14,MacBook air &amp;ipad mini ã®çµ„ã¿åˆã‚ã›ã§è³¼å…¥ã™ã‚‹äºˆå®šã ã£ãŸã®ã«ã€MacBook pro &amp;ipad pro ã®æ–¹å‘ã§æ„æ€ãŒå›ºã¾ã‚Šã¤ã¤ã‚ã‚‹ã€‚æŒã¡æ­©ãè¾›ãã†(;Â´Ğ”`)
15,"Hot Deal: 13-inch MacBook Air with 1.6GHz Core i5, 128GB for Just $748 https://t.co/rwXd67QyCM https://t.co/Hpn8rOTrdw"
16,RT @bitterarab: @dreadyvet Skskeksk I love my MacBook Air but I bought it to literally write essays and watch Netflix on which I couldâ€™ve dâ€¦
17,@dreadyvet Skskeksk I love my MacBook Air but I bought it to literally write essays and watch Netflix on which I coâ€¦ https://t.co/Htt59RKTNo
18,å¤ã„ï¼ˆ2012å¹´ã®ï¼‰MacBook Airã‚’å¼•ã£å¼µã‚Šå‡ºã—ã¦Catalinaã‚’å…¥ã‚Œã‚ˆã†ã¨æ€ã£ãŸã‚‰ã€Lionã‹ã‚‰ã ã¨ç›´æ¥ä¸Šã’ã‚‹ã“ã¨ã¯ã§ããªã„ãã†ã§ã€ä¸€åº¦Yosemiteã‚’å…¥ã‚Œã¦ã„ã‚‹ã€
19,"Vanfast USB-C Charger with 87W Power Delivery 3.0 Port,Replacement for MacBook Pro with 13â€ 15â€ After 2016 and Macâ€¦ https://t.co/BXfohOHFvP"
20,"RT @afrieirham_: @aswadhanafiah Macbook biasa tu low-end punya use case, dah tak jual rasanya. sebab dia macam pelik.

MacBook Air ni laptoâ€¦"
21,"@ashindestad It is a MacBook 'Pro' at the end of the day, and that tag seems to be geared towards 'professionals' iâ€¦ https://t.co/oFg4e3qU3K"
22,"@AxisBankSupport Hi this in Nilanjan, I had purchased a MAcbook Air from Flipkart on March . It was paid by my axisâ€¦ https://t.co/OHVCR9zxmD"
23,4/16ã«æ³¨æ–‡ã—ãŸmacbook airã€ã‚„ã£ã¨æ·±åœ³å‡ºãŸï¼
24,@VernekarD https://t.co/HuVJuFhHh1 :)
25,"@bapt_weet @FloMlt1 La rÃ©ponse est lÃ  : pas de suite. Certains disent fin 2020, dâ€™autres dÃ©but 2021. Je pense quâ€™ilâ€¦ https://t.co/uCTvkGGtAZ"
26,@devmobnow @notdetails I do hobby coding in a 11â€ MacBook Air
27,"@bibbleyoon i've heard from some people that after awhile it stops working, the macbook air do got touch id tho"
28,"RT @mrs_syther: Today's IMPORTANT question..
Do I buy a gaming laptop? 

I currently have a MacBook air that's 5 years old - slim - light..â€¦"
29,Cela vaut sans doute le coup d'attendre encore un peu pour s'offrir un Macbook.. mÃªme si le dernier MBP 13'' Ã  l'aiâ€¦ https://t.co/7UAQyNUEOT
30,@marcogumabao Hey! I just got my macbook pro. Ordered online and took about 20 days before it arrive. It may take aâ€¦ https://t.co/FRWKRCXcer
31,"@wattari7896 å®¶æ—ã§ä½¿ã†ãªã‚‰æœ€è¿‘å‡ºãŸApple MacBook Air 2020ãŒã„ã„ã¨æ€ã„ã¾ã™ãœ

ãƒã‚¿ãªã‚‰GPD WIN2"
32,"ZubehÃ¶r fÃ¼r euer MacBook Air: USB-C-Docks, Ladekabel und Netzteile https://t.co/bxVBQYLIBw"
33,MacBook Airã¨MacBook Proã®13inchã£ã¦ã€ã©ã£ã¡ãŒã„ã„ã®ã‹ãªï¼Ÿ
34,"æ–°ã—ã„Macbook Pro 13ã‚¤ãƒ³ãƒãŒç™ºå£²ã•ã‚ŒãŸã®ã­ã€‚
ä»Šã®Macbook Proã£ã¦ã€è»½ã„ã‚“ã ãªã€‚
ã‚«ã‚¿ãƒ­ã‚°ã‚¹ãƒšãƒƒã‚¯ã§ã€1.4kgã€‚
ç§ã®Mid 2014ãƒ¢ãƒ‡ãƒ«ã ã¨ã€1.57kgã€‚
ä»Šã®Macbook Air ãŒã€1.29kâ€¦ https://t.co/nLaUUYP2N4"
35,Derweil drÃ¼ben auf https://t.co/bOYU23DwUE: iPad Pro vs MacBook Air: Was istÂ besser? https://t.co/fa9KGX3DKw https://t.co/e2q7FrtfOQ
36,@afrieirham_ So kalau nak beli better beli macbook pro? Even version 3/4 tahun lepas compare to latest macbook air??
37,"æ–°ã—ã„Mac book Proã‚’è²·ã†ã‹ã©ã†ã‹ã€çµ¶è³›æ‚©ã¿ä¸­ğŸ¤”ä»Šä½¿ã£ã¦ã‚‹12ã‚¤ãƒ³ãƒMac bookã®å°ã•ã„ã‚µã‚¤ã‚ºæ„ŸãŒã‚ã¡ã‚ƒå¥½ããªã®ã§ã€13ã‚¤ãƒ³ãƒã®ã‚µã‚¤ã‚ºæ„Ÿã¨ã€TouchBarãŒé‚ªé­”ã˜ã‚ƒãªã„ã‹ãŒä¸å®‰â€¦

æœ€æ–°MacBook Airãƒ»Maâ€¦ https://t.co/NZR0JOi9ky"
38,"@aswadhanafiah Macbook biasa tu low-end punya use case, dah tak jual rasanya. sebab dia macam pelik.

MacBook Air nâ€¦ https://t.co/5Sfl6amz5j"
39,MacBook Airè²·ã„ãŸã„ã‚“ã ã‘ã©ã€å¸å›½ã«åœ¨åº«ãªã„ğŸ˜­ğŸ˜­ğŸ˜­
40,"MNG....

ã•ã£ãæ™®é€šã«å€‹äººæƒ…å ±ãŒã‚“æ˜ ã‚Šã—ã¦ãŸã‹ã‚‰ä¹—ã›ç›´ã—ã€‚

Macbook Air 2020 https://t.co/OV85L54b7l"
41,"Apa beza macbook air, macbook dengan macbook pro? Nampak sama je nama je lain"
42,ãªã‚“ã‚„ã‹ã‚“ã‚„MacBook airã®ã‚³ã‚¹ãƒ‘ã¯è‰¯ã„ãªã‚ãªã©ã¨ã€‚
43,"Macbook Air Deal is back!!!

Apple MacBook Air (13-inch, 8GB RAM, 128GB SSD Storage) - Silverâ€¦ https://t.co/LgmhAJ7T4P"
44,"RT @arisa_07_07: ğŸAppleè£½å“ãƒ—ãƒ¬ã‚¼ãƒ³ãƒˆä¼ç”»ğŸ

MacBook Pro 
iPad Pro 
iPad Air 
iPad mini

å„5åãšã¤ã«ãƒ—ãƒ¬ã‚¼ãƒ³ãƒˆâ€¼ï¸

å¿œå‹Ÿæ–¹æ³•ã¯ã“ã¡ã‚‰ã‹ã‚‰ğŸ‘‡

1ï¸âƒ£ãƒ•ã‚©ãƒ­ãƒ¼&amp;RT

2ï¸âƒ£LINEè¿½åŠ https://t.câ€¦"
45,"MacBook Air 2020
å±Šã„ãŸãƒ¼ï¼ https://t.co/dN2apMglPp"
46,Napravljen od stoprocentnog recikliranog aluminijuma sada je i najzeleniji laptop na svetu. I to nije sve. Sa inovaâ€¦ https://t.co/zNthX2hGDc
47,"Najvoljeniji laptop. Ikad. Neverovatno tanak i lagan, MacBook Air je sad jaÄi nego ikad. Ima sjajan Retina ekran, nâ€¦ https://t.co/c7nLi1YjGJ"
48,Macbook Air ã¨ã€€iPad Pro ã‚’æ‚©ã‚“ã§ã€€Macbook Air ã«ã—ãŸé€”ç«¯ã«æ–°ã—ã„ã€€Macbook Pro ãŒã§ãŸã‚ˆ
49,Mukang mapapalitan ng MacBook Air yung Pro ko dahil sa online class ğŸ’
50,"appTest: ZubehÃ¶r fÃ¼r euer MacBook Air: USB-C-Docks, Ladekabel und Netzteile https://t.co/dTILKZd47L"
51,"My mummy is with us for a bit. I gave her my old MacBook Air (as good as new.) 

My objective was that she used itâ€¦ https://t.co/TYBWizCRBw"
52,Is it possible to use an old ipad 2 as an additional monitor for macbook air without paid apps? ğŸ¤”ğŸ¤“
53,iPad Pro vs MacBook Air: Was istÂ besser? https://t.co/8SX1sXQ6x4 https://t.co/xQguWD36hO
54,MacBook Airè²·ãŠã†ã‹ã¾ã˜æ‚©ã‚€
55,RT @Mechasubayai: MacBook Proã¨MacBook Airã¨ã„ã†ã€Magic Keyboardã‚’æ­è¼‰ã—ãŸMacBookãŒã¤ã„ã«ã‚³ãƒ³ãƒ—ãƒªãƒ¼ãƒˆã—ã¾ã—ãŸã€‚ã¨ã„ã†ã“ã¨ã§ã€ã‚¹ãƒšãƒƒã‚¯ãŒå¤§ããè¿‘ã¥ã„ãŸProã¨Airã‚’æ¯”è¼ƒã€æ¤œè¨ã—ã¾ã™ã€‚æ„å¤–ã«ã‚‚Proã¯ã‚¹ãƒšãƒƒã‚¯ã˜ã‚ƒè¦‹ãˆãªâ€¦
56,"@usdatascientist PCã‚’æ–°ã—ãè²·ãŠã†ã¨æ€ã†ã®ã§ã™ãŒã€ã©ã‚Œã‚’è²·ã£ãŸã‚‰è‰¯ã„ã‹ä»¥ä¸‹ã®ç‚¹ã§è¿·ã£ã¦ã„ã¾ã™ã€‚

ãƒ»MacBook Air or MacBook Pro
ãƒ»ãƒ¡ãƒ¢ãƒªã¯8GBã§ååˆ†ã‹ï¼Ÿ16GBå¿…è¦ã‹ï¼Ÿ
ãƒ»core iâ€¦ https://t.co/qDNT5EIcWG"
57,macbook airè²·ãŠã†ã¨ã—ã¦é›»æ°—å±‹ã•ã‚“ã®ã‚µã‚¤ãƒˆè¦‹ãŸã‚‰ã©ã“ã‚‚å£²ã‚Šåˆ‡ã‚Œã€€ã‚ªãƒ¼ã‚¯ã‚·ãƒ§ãƒ³ã§ã‹ã†ã®ã‚‚ãªã€œã¨appleã®ã‚µã‚¤ãƒˆã§è²·ãŠã†ã¨æ€ã£ãŸãŒå±Šãã®ãŒ29æ—¥ã€ã€ã€å¾…ã¦ã‚“ï¼ã€ã¨éš£ã®proã®æ–¹è¦‹ãŸã‚‰8æ—¥ãŠå±Šã‘é€Ÿæ”»ãƒãƒã£ãŸã€‚é«˜ã„ã­proã€ã€
58,Wat is beter een MacBook Air of Pro ?
59,"@simplemal Grazie,te lo chiedevo  avevo visto un tuo video in cui parlavi dei problemi dell' affidabilitÃ  della tasâ€¦ https://t.co/tDQW8rccQp"
60,"RT @kenbouapple_com: æ­£ç›´MacBook Pro  13ã‚¤ãƒ³ãƒã®ä¸‹ä½ãƒ¢ãƒ‡ãƒ«ã‚’è³¼å…¥ã™ã‚‹ãã‚‰ã„ãªã‚‰MacBook Airã®CPUã¨ãƒ¡ãƒ¢ãƒªã‚’ã‚«ã‚¹ã‚¿ãƒã‚¤ã‚ºã—ã¦ã€Œãƒ¡ãƒ¢ãƒª16GBã®ã‚µã‚¯ã‚µã‚¯æ„Ÿã€ã‚’æ‰‹ã«å…¥ã‚ŒãŸæ–¹ãŒå¹¸ã›ã«ãªã‚Œã‚‹
Macè‡ªä½“ãŒãƒ¡ãƒ¢ãƒªã‚’å¤šãä½¿ã†å‚¾å‘ã«ã‚ã‚‹ã‹ã‚‰ã€ŒPrâ€¦"
61,"RT @SagarRathore_: Atleast Amazon site toh chalu karni chahiye thi taaki mein 

Macbook air 
Recliner sofa 
New LED Tv 
Earpods 

Ye sab wiâ€¦"
62,@flackitsman macbook air would be niceğŸ¤­
63,çœ ã™ãã¦ä½•ã‚‚ã‚„ã‚‹æ°—èµ·ãã‚“ã—è²·ã£ãŸMacBook Airã¯ã„ã¤ã¾ã§çµŒã£ã¦ã‚‚å‡¦ç†ä¸­ã®ã¾ã¾ã‚„ã—è²ã«ãªã‚ŠãŸã„
64,https://t.co/bXW5xsqsQgï¼šæ–°å‹13ã‚¤ãƒ³ãƒMacBook Proã‚’MacBook Airï¼†2019å¹´ãƒ¢ãƒ‡ãƒ«ã¨å¾¹åº•ã‚¹ãƒšãƒƒã‚¯æ¯”è¼ƒ https://t.co/Jbj1vRKiX8
65,"Premium High quality #LaptopSkins - #GrayHawk #Art for your Macbook Air, Macbook Pro, Macbook Pro Retina, and PC laâ€¦ https://t.co/kiBZfmHnf3"
66,"RT @L_Phase: ã†ã‚“ã€500ï¼…Windowsä½¿ã†ã¹ãã ã€‚

â†“è¨³ï¼šMacBook Airã§åˆã‚ã¦ã‚„ã£ãŸã®ï¼šsurface book ãƒšãƒ¼ã‚¸è¨ªå•"
67,"USB C to HDMI Cable for Home Theater | 10ft 4K@60Hz, uni USB Type-C to HDMI Braided Cable [Thunderbolt 3 Compatibleâ€¦ https://t.co/laJkhaPigf"
68,MacBook AirãŒå£Šã‚ŒãŸã£ã¦ä¿®ç†ã™ã‚Œã°ã„ã„(è‡ªå·±æš—ç¤º) https://t.co/ajmRUYTwYB
69,MacBook Air ãŒã‚ã‚Œã°æ›¸ã‘ã‚‹ã€‚
70,ä»Šã®MacBook Airå¤–ã§ä½¿ã†ã¨ã—ã¦å®¶ã§ãƒŸãƒƒã‚¯ã‚¹ã¨ã‹ãƒã‚¹ã‚¿ãƒªãƒ³ã‚°ã™ã‚‹ãªã‚‰iMacã‚‚æ‰‹ãªã‚“ã˜ã‚ƒãªã„ã‹ã¨æ€ã„å§‹ã‚ãŸã€‚ã€‚
71,"DVDè²·ã£ã¦ã‚‚Blu-rayæ¬²ã—ããªã‚‹ã‹ã‚‰æœ€åˆã‹ã‚‰ãƒ–ãƒ«ãƒ¼ãƒ¬ã‚¤è²·ã†ã¹ãã§ã¯ï¼Ÿã¨ã„ã†çµè«–ã«ãªã£ãŸ()

MacBook Air
ãƒ—ãƒªãƒªã‚ºã‚·ãƒªãƒ¼ã‚º Blu-ray
ã‚­ãƒ³ãƒ—ãƒªSSS DVD â€»æ™®æ®µç”¨
æ´—æ¿¯æ©Ÿ
æ ª

50ä¸‡å††ã‚ã‚Œã°è¶³ã‚Šã‚‹ã‹â€¦ï¼Ÿ"
72,MacBook Proã‚’MacBook Airã‹ã‚‰æ³¨æ–‡ã™ã‚‹äº‹ã«ãªã‚Šãã†ã€‚
73,#MacBook #Air #13ã‚¤ãƒ³ãƒ #MREE2J/A #1600 #Windows #10ãƒ—ãƒªã‚¤ãƒ³ã‚¹ãƒˆãƒ¼ãƒ«æ¸ˆã¿ãƒ¢ãƒ‡ãƒ« MacBook Air 13ã‚¤ãƒ³ãƒ MREE2J/A [1600] Windows 10ãƒ—ãƒªã‚¤ãƒ³ã‚¹ãƒˆãƒ¼ãƒ«â€¦ https://t.co/pe6NuDXyB2
74,my work lappy is the new macbook air but im ngl i would never buy this laptop for myself... nope.
75,@aval0vara cualquiera de apple es el mejor para todas las cosas de diseÃ±o ediciÃ³n etc (yo tengo el macbook air y meâ€¦ https://t.co/SgHpcrjBRx
76,RT @Chapata_: à¸à¸µà¹ˆà¹€à¸ˆà¸¡à¸ªà¹Œà¸‹à¸·à¹‰à¸­ MacBook pro 13â€ à¸ªà¸µ sliver à¸•à¸±à¸§à¸—à¹‡à¸­à¸›à¸ªà¸¸à¸”à¹ƒà¸«à¹‰à¸™à¹‰à¸­à¸‡à¸„à¹ˆà¸° à¹€à¸à¸£à¸²à¸°à¹€à¸«à¹‡à¸™à¸§à¹ˆà¸²à¸­à¸²à¸¢à¹ƒà¸Šà¹‰ air à¸¡à¸²à¸•à¸±à¹‰à¸‡à¹à¸•à¹ˆà¹€à¸£à¸µà¸¢à¸™à¹‚à¸—à¹à¸¥à¹‰à¸§ à¸•à¸­à¸™à¸¢à¸à¸¡à¸²à¸›à¸¥à¸¸à¸à¸‰à¸±à¸™à¸—à¸µ(à¹„à¸¡à¹ˆà¸£â€¦
77,åˆä»£ MacBook Air ç™ºå£²å½“æ™‚ã¯ MacBook Pro ã¯ SuperDrive ã‚‚æ­è¼‰ã—ã¦ã„ã¦ã‚ã¡ã‚ƒåˆ†åšã‹ã£ãŸã‹ã‚‰å¾¹åº•çš„ã«ç„¡é§„ã‚’çœã„ãŸ Air ã®ãƒã‚¸ã‚·ãƒ§ãƒ³ã¯æ˜ç¢ºã ã£ãŸã‘ã‚Œã©ä»Šã¯ Pro ã‚‚ååˆ†è–„ããªã£ãŸã®ã§ Air ã®å­˜åœ¨æ„ç¾©ãŒã‚ã‹ã‚Šã¥ã‚‰ããªã£ã¦ã¾ã™ã­ã€‚
78,"ã¨ã‚Šã‚ãˆãšä½œæ›²ãƒã‚·ãƒ³ãŒæ‰‹ã«å…¥ã‚Œã°

ä»Šã®MacBook Airã®ä¸­ã«å…¥ã£ã¦ã‚‹å‰å¥ã¨ãƒªã‚ºãƒ å¸¯ã ã‘ãŒå…¥ã£ã¦ã‚‹ãƒ‡ãƒ¼ã‚¿ã«

iPhoneã§æ‰“ã¡è¾¼ã‚“ã§ã‚‹ãƒ¡ãƒ­ã¨ã‹ã‚’åˆä½“ã•ã›ã¦

ãã“ã‹ã‚‰å†ã‚¹ã‚¿ãƒ¼ãƒˆ

iTunesã§ãƒ‡ãƒ¼ã‚¿ã¯åŒæœŸã§ãã‚‹ã£ã½ã„ã€‚

ã‚ã¨iPadã§Logicãƒªãƒ¢ãƒ¼ãƒˆä½¿ãˆã°æ—ã‚‹ã¨æ€ã†"
79,"MacBook Airã®OSã‚’ã‚¢ãƒƒãƒ—ãƒ‡ãƒ¼ãƒˆã—ãŸã‚‰Chromeã®ç«‹ã¡ä¸ŠãŒã‚ŠãŒæ—©ããªã£ãŸï¼

ã“ã‚Œã«ã¤ã„ã¦ã¯å‰ã‹ã‚‰èª­ã¿è¾¼ã¿ãŒé…ã‹ã£ãŸã®ã§ä»Šå›ã‚¢ãƒƒãƒ—ãƒ‡ãƒ¼ãƒˆã—ã¦ãƒ›ãƒ³ãƒè‰¯ã‹ã£ãŸã€‚"
80,"RT @serxeindipity: Someone buy me a macbook air, sims 4, minecraft, netflix, and spotify premium plsğŸ˜­ğŸ˜­ğŸ˜­"
81,iPad Proã‚’è²·ã†ã®ã‹ï¼ˆãƒšãƒ³ã‚·ãƒ«ã¨ã‚­ãƒ¼ãƒœãƒ¼ãƒ‰è¾¼ã¿ï¼‰ã€MacBookã‚’è²·ã†ã®ã‹ã€‚MacBookã¯Proãªã®ã‹Airãªã®ã‹ã€‚ã©ãƒ¼ã™ã‚‹
82,#Apple #MacBook Air 13.3 i5 9th Gen #GOLD 1.6Ghz 8GB 128GB (True Tune 2019) UK Keys #BuyNOW $1236.19 #deal https://t.co/pcZueqRvTo
83,"Someone buy me a macbook air, sims 4, minecraft, netflix, and spotify premium plsğŸ˜­ğŸ˜­ğŸ˜­"
84,"@PIIPPERI800 All retina macbooks have the lamination issue. Itâ€™s not exclusive 

And you can do the older argumentâ€¦ https://t.co/HgWdtFgzr6"
85,RT @pppppppppsssss: à¸®à¸µà¸—à¹„à¸›à¸›à¹Œà¸„à¸·à¸­à¹‚à¸¥à¸«à¸°à¸—à¸µà¹ˆà¸—à¸³à¸«à¸™à¹‰à¸²à¸—à¸µà¹ˆà¸£à¸°à¸šà¸²à¸¢à¸„à¸§à¸²à¸¡à¸£à¹‰à¸­à¸™à¸„à¸£à¸±à¸š (à¸à¸¥à¹„à¸à¸¥à¸¶à¸ à¹† à¸«à¸²à¸­à¹ˆà¸²à¸™à¹€à¸­à¸‡à¸™à¸²) à¸à¸²à¸£à¸—à¸µà¹ˆ MacBook Air à¹„à¸¡à¹ˆà¹ƒà¸«à¹‰à¹„à¸­à¸™à¸µà¹ˆà¸¡à¸²à¸”à¹‰à¸§à¸¢à¸¡à¸±à¸™à¸ˆà¸°à¹ƒà¸«à¹‰à¹€à¸à¸´à¸” Thâ€¦
86,RT @pppppppppsssss: à¸‹à¸¶à¹ˆà¸‡ MacBook Pro à¸–à¸·à¸­à¹„à¸œà¹ˆà¹€à¸«à¸™à¸·à¸­à¸à¸§à¹ˆà¸²à¹ƒà¸™à¹€à¸£à¸·à¹ˆà¸­à¸‡à¸‚à¸­à¸‡à¸à¸²à¸£à¹ƒà¸Šà¹‰ CPU à¸­à¸¢à¸¹à¹ˆà¹à¸¥à¹‰à¸§à¸„à¸£à¸±à¸š à¸—à¸µà¹ˆà¸¡à¸±à¸™à¸Ÿà¸²à¸”à¸ªà¸¸à¸”à¸à¹‡à¸„à¸·à¸­ â€œà¸£à¸°à¸šà¸šà¸£à¸°à¸šà¸²à¸¢à¸„à¸§à¸²à¸¡à¸£à¹‰à¸­à¸™â€ à¸ à¸²à¸¢à¹ƒà¸™à¸•à¸±à¸§à¹€à¸„à¸£à¸·à¹ˆà¸­â€¦
87,"RT @SagarRathore_: Atleast Amazon site toh chalu karni chahiye thi taaki mein 

Macbook air 
Recliner sofa 
New LED Tv 
Earpods 

Ye sab wiâ€¦"
88,"ã†ã‚“ã€500ï¼…Windowsä½¿ã†ã¹ãã ã€‚

â†“è¨³ï¼šMacBook Airã§åˆã‚ã¦ã‚„ã£ãŸã®ï¼šsurface book ãƒšãƒ¼ã‚¸è¨ªå• https://t.co/v6bFESeoVF"
89,"RT @BushcraftBox: MacBook Airã®ä¸Šä½ã‚¹ãƒšãƒƒã‚¯ã¨13ã‚¤ãƒ³ãƒMacBook Proã®æœ€å®‰ãƒ¢ãƒ‡ãƒ«ã©ã£ã¡ãŒã„ã„ï¼Ÿ

ãƒ»å€¤æ®µã¯ã„ãšã‚Œã‚‚134,800å††
ãƒ»CPUã¯MacBook AirãŒã‚¯ãƒ¯ãƒƒãƒ‰ã‚³ã‚¢
ãƒ»ãƒ¡ãƒ¢ãƒªãƒ¼ã¯åŒã˜
ãƒ»SSDã¯MacBook Airã®æ–¹ãŒä¸Šâ€¦"
90,"MacBookè²·ãŠã‹ãª
Airã«æ˜”ã‹ã‚‰æ†§ã‚Œã¦ãŸã‘ã©ã©ã‚ŒãŒã„ã„ã®ã‹ã•ã£ã±ã‚Š"
91,"#ä»Šæ—¥ã®ç©ã¿ä¸Šã’

âœ…5æ™‚åŠèµ·åºŠ
âœ…æ•£æ­©ã—ãªãŒã‚‰æ­©è¡Œç‘æƒ³
âœ…åº§å­¦ ã‚¯ãƒªãƒ†ã‚£ã‚«ãƒ«ã‚·ãƒ³ã‚­ãƒ³ã‚°
â†’ã‚¯ãƒªãƒ†ã‚£ã‚«ãƒ« ã‚·ãƒ³ã‚­ãƒ³ã‚° å…¥é–€ç·¨ã‚’è³¼å…¥
âœ…é€†è…¹ç­‹
âœ…noteåŸ·ç­†ä¸­ã«æ‚²åŠ‡ã¯èµ·ã“ã‚‹
âœ…MacBook Air æ°´æ²¡
â†’ç¾åœ¨ ä¹¾ç‡¥å‰¤ã¨æ‰‡é¢¨æ©Ÿã«â€¦ https://t.co/NTNgg2Q2Gf"
92,@deepaksir MacBook Air à¤¨à¥ˆ à¤†à¤‰à¤à¤› à¤¨à¤¿ à¤—à¤¤à¤¿à¤²à¥‹ à¤¤à¥à¤¯à¥‹ à¤­à¤¨à¥à¤¦à¤¾ à¤¤ à¤¬à¥à¤¢à¤¾ !
93,@ss_falcon å‹•ç”»ç·¨é›†ã®ã“ã¨ã‚’è€ƒãˆã‚‹ã¨ï¼ŒMacBook Airã¯ãƒ‘ãƒ¯ãƒ¼ä¸è¶³ã‹ãªã¨æ€ã„ã¾ã™ã®ã§(ç§ã®ä½“æ„Ÿã§ã™ãŒ)ï¼ŒMacBookProè‰¯ã„ã¨æ€ã„ã¾ã™^_^
94,@tintama1 2012 å¹´ã®MacBook Airã§ã€ã‚¤ãƒ³ãƒ†ãƒ«i5ã®ãƒ‡ãƒ¥ã‚¢ãƒ«ã‚³ã‚¢ã€‚ãƒ¡ãƒ¢ãƒªï¼˜GBã ã£ãŸãƒ»ãƒ»ãƒ»å¼±ã„
95,9to5Mac: Review: $999 MacBook Air (2020) â€“ Appleâ€™s cheapest laptop is a great entry-level Mac [Video].â€¦ https://t.co/5MQFnPYNwT
96,"Should you buy the new MacBook Air or MacBook Pro? #Apple #MacBookAir #MacBookPro

https://t.co/tWumlGGO63"
97,"Should you buy the new MacBook Air or MacBook Pro? #Apple #MacBookAir #MacBookPro

https://t.co/nGk97fpCvc"
98,"ÙÙŠ Ø£Ø­Ø¯ Ù„Ù‡ ØªØ¬Ø±Ø¨Ø© Ù…Ø¹ Ù„Ø§Ø¨ØªÙˆØ¨Ø§Øª AppleØŸØŸ MacBook Pro - MackBook air 
ÙŠØ´Ø§Ø±ÙƒÙ†ÙŠ ØªØ¬Ø±Ø¨ØªÙ‡ .. Ø§Ø³Ù… Ø§Ù„Ø¬Ù‡Ø§Ø² ÙˆØ¥ÙŠØ¬Ø§Ø¨ÙŠØ§ØªÙ‡ Ø³Ù„Ø¨ÙŠØ§ØªÙ‡ ..â€¦ https://t.co/KCp17Uz5mI"
99,"Premium High quality #LaptopSkins - #UnitedStates #CapitalBuilding #Art for your Macbook Air, Macbook Pro, Macbookâ€¦ https://t.co/KWUvREQ6zX"
